{
  "value_statistics": {
    "count": 4384,
    "mean": 0.027549178234239562,
    "std": 0.07853906276331045,
    "min": -0.2585849165916443,
    "max": 0.3241177499294281,
    "median": 0.0239783963188529,
    "percentiles": {
      "10": -0.07158836871385574,
      "25": -0.02495481912046671,
      "75": 0.08021648786962032,
      "90": 0.12929041236639027
    },
    "high_confidence_pct": 0.0,
    "low_confidence_pct": 99.9771897810219
  },
  "discrimination_analysis": {
    "count": 100,
    "mean_std": 0.04181569116380942,
    "median_std": 0.04281743475121734,
    "max_std": 0.07262974419512944,
    "weak_discrimination_pct": 73.0
  }
}