{
  "value_statistics": {
    "count": 4330,
    "mean": 0.00707219795782991,
    "std": 0.10854625206869624,
    "min": -0.3673681616783142,
    "max": 0.41409415006637573,
    "median": 0.007298981538042426,
    "percentiles": {
      "10": -0.13406347781419753,
      "25": -0.0682463888078928,
      "75": 0.08502373471856117,
      "90": 0.1426388919353485
    },
    "high_confidence_pct": 0.0,
    "low_confidence_pct": 99.56120092378752
  },
  "discrimination_analysis": {
    "count": 100,
    "mean_std": 0.055895294416995964,
    "median_std": 0.05413451293063226,
    "max_std": 0.09862809413868244,
    "weak_discrimination_pct": 43.0
  }
}