{
  "value_statistics": {
    "count": 4580,
    "mean": 0.009392645070939344,
    "std": 0.18639193742542506,
    "min": -0.7235634326934814,
    "max": 0.6569690108299255,
    "median": 0.026868571527302265,
    "percentiles": {
      "10": -0.2401210218667984,
      "25": -0.10229196771979332,
      "75": 0.13943833857774734,
      "90": 0.22350516617298127
    },
    "high_confidence_pct": 0.021834061135371178,
    "low_confidence_pct": 90.26200873362446
  },
  "discrimination_analysis": {
    "count": 100,
    "mean_std": 0.08160130055117888,
    "median_std": 0.07344595739141854,
    "max_std": 0.2472372299626273,
    "weak_discrimination_pct": 23.0
  }
}